{
  "description": "项目配置文件",
  "packOptions": {
    "ignore": [],
    "include": []
  },
  "setting": {
    "urlCheck": true,
    "es6": true,
    "postcss": true,
    "minified": true,
    "newFeature": true,
    "autoAudits": false,
    "coverView": true,
    "showShadowRootInWxmlPanel": true,
    "scopeDataCheck": false,
    "babelSetting": {
      "ignore": [],
      "disablePlugins": [],
      "outputPath": ""
    },
    "condition": false,
    "enhance": false,
    "packNpmRelationList": []
  },
  "compileType": "miniprogram",
  "libVersion": "2.15.0",
  "appid": "wx749945875521a4ac",
  "projectname": "miniprogram-4",
  "simulatorType": "wechat",
  "simulatorPluginLibVersion": {},
  "editorSetting": {
    "tabIndent": "insertSpaces",
    "tabSize": 2
  },
  "condition": {}
}